Holiday Title,Description,Condition,Incentive,Response,Trial,Page,ItemOrder
Seeing the Northern Lights in Sweden,See breathtakingly beautiful lights from a vantage point with crystal clear views and wide open spaces so that you miss nothing,LD,Low,Choice,1,1,1
Cruising around the Fjords of Norway,Embark on a cruise around the natural sights and take your time viewing the mountains and valleys of this picturesque region,LD,Low,Choice,1,1,2
Watching Reindeer Racing in Lapland,See this annual spectacle held by the local communities who rely on these creatures for transport across the snow covered lands,LD,Low,Choice,1,1,3
Visit through Salvador in Brazil,Experience the City of Joy in Brazil's most africanised state where the spicy dishes are still called by their African names,HND,High,NoChoice,2,1,1
Exploring the Amazon Rainforest,See this spectacular and untamed jungle which you can freely explore under the guidance of professional multilingual escorts,HND,High,NoChoice,2,1,2
A Dance Tour through Latin America,Travel throughout Latin America learning many different styles of dance from Samba to Rumba and everything in between,HND,High,NoChoice,2,1,3
Community Projects on the Mexican Coast,Volunteer work on the Pacific Coast of this remarkable country including a house construction project and time in a medical unit,HNA,High,Choice,3,1,1
Watercolour Painting in the Cotswolds,Learn about tone and colour as you let your creative juices run free on a taught course based in a small enchanting village,HNA,High,Choice,3,1,2
Deep Sea Diving in the Atlantic Ocean,See some of the most exotic sights as you travel down thousands of feet to see the amazing hydrothermal vents on the sea floor,HNA,High,Choice,3,1,3
