Holiday Title,Description,Condition,Incentive,Response,Trial,Page,ItemOrder
Scuba Diving in Eastern Australia,Go to the best dive sites in the warm waters along the spectacular barrier reef and see countless varieties of marine life,HNA,High,Choice,1,1,1
Exploring Buddhist Temples in Kyoto,Visit a city of countless shrines and other historically priceless buildings that hold a quarter of Japan's national treasures,HNA,High,Choice,1,1,2
Taking Flying Lessons in the USA,Get the best quality training from highly qualified and motivated flight instructors as you work toward your certification,HNA,High,Choice,1,1,3
Train Trip along the Garden Route in South Africa,Journey through lush and beautiful valleys contrasted against the arid tranquillity of open plains on this remarkable rail trip,HNA,High,Choice,1,2,1
Going on a Concert Tour around Southern Australia,Absorb culture and spirit on this unique trip through visits to many locations and experiencing a wide variety of musical styles,HNA,High,Choice,1,2,2
Trans-European Journey on the Orient Express,Travel in complete luxury aboard the most famous train in the world and enjoy the views of ever-changing European landscapes,HNA,High,Choice,1,2,3
Visiting Paris in the Springtime,Experience the captivating nature of this city in the full bloom of spring and let the cool refreshing breeze wash over you,HNA,High,Choice,1,3,1
Camping in Northern Australia,Camp among ancient rock formations and learn of aboriginal culture while experiencing the awe inspiring beauty of the wild,HNA,High,Choice,1,3,2
Visiting Hotsprings in Iceland,Relax in the bubbling hotsprings heated by the volcanic activity and enjoy the Viking atmosphere in this country of fire and ice,HNA,High,Choice,1,3,3
Teaching English in Vietnam,Help people learn conversational English in this remarkable part of the world with friendly students who are eager to learn,LD,Low,Choice,2,1,1
Whale Spotting in Antarctica,A unique opportunity to reach the end of the world and explore the chill blue waters while observing these graceful creatures,LD,Low,Choice,2,1,2
Horse Riding in Saudi Arabia,Ride through fertile plains and multi coloured sand dunes on these enchanting creatures naturally built for desert endurance,LD,Low,Choice,2,1,3
Walking through the Rainforest of Costa Rica,See how exotic creatures and plants have adapted to the climate as you trek through the jungle in this eco-friendy country,LD,Low,Choice,2,2,1
Cage Diving with Sharks near Cape Town,Come face to face with some awesome predators of the sea as you safely dive in a number of prime coastal locations,LD,Low,Choice,2,2,2
Learning to Salsa Dance in South America,Travel throughout this continent learning many different styles of salsa from Cuban to Puerto Rican and everything in between,LD,Low,Choice,2,2,3
Canoeing in the South of France,See the most beautiful countryside and idyllic villages in France whilst gently paddling down the river of the Orb valley,LD,Low,Choice,2,3,1
Bird Watching on North Island,Find the many rare and elusive species living amid the breathtaking scenery of the best locations New Zealand has to offer,LD,Low,Choice,2,3,2
Mountain Biking in Colorado,Feel the adrenaline surge as you dodge rocks while speeding down trails in a state renowned for its magnificent natural beauty,LD,Low,Choice,2,3,3
Seeing the Northern Lights in Sweden,Experience a sense of eternity as you see these breathtakingly beautiful lights from a vantage point with crystal clear views,HND,High,NoChoice,3,1,1
Cruising around the Fjords of Norway,Embark on a cruise around the natural sights and take your time viewing the mountains and valleys of this picturesque region,HND,High,NoChoice,3,1,2
Staying at a Health Spa in Reykjavik,Relax in this wonderful haven with geothermally heated lakes and swimming pools while your body is cleansed and rejuvenated,HND,High,NoChoice,3,1,3
Swimming with Dolphins in Australia,Connect with these wonderfully playful and highly intelligent marine mammals in their natural habitat of the southern Ocean,HND,High,NoChoice,3,2,1
Exploring the Great Barrier Reef,See the many fantastical islands and discover the breadth of wildlife and dazzling scenery as you explore this part of the world,HND,High,NoChoice,3,2,2
White Water Rafting in New Zealand,Experience thrilling world class white water on spectacular rivers that run through fabulous landscapes in the world's adventure capital,HND,High,NoChoice,3,2,3
Visiting Thermal Spas in Budapest,Unwind in some of the world's finest Turkish baths and therapeutic swimming pools with expert masseurs to help you fully relax,HND,High,NoChoice,3,3,1
Gastronomic Tour of Southern Italy,Sample true Italian cuisine as you travel the southern regions visiting the birthplace of pizza and spaghetti with meatballs,HND,High,NoChoice,3,3,2
Exploring the Ancient Ruins in Egypt,Travel between many sites to discover these fascinating and imposing structures constructed thousands of years ago by venerable rulers,HND,High,NoChoice,3,3,3
Rock Climbing in Tanzania,Make your way up superb rockfaces with qualified instructors and amazing views from the tops of many challenging climbs,LNA,Low,Choice,4,1,1
Coach Tour to Belgium,Travel from England to Belgium aboard a well equipped coach while stopping for day trips at local sights and attractions,LNA,Low,Choice,4,1,2
Line Dancing in Nashville,Dance and learn from the greatest line dancing instructors around the world in the very heart and soul of Music City USA,LNA,Low,Choice,4,1,3
Dog Sled Racing in Northern Sweden,Race your opponents through wide open landscapes into forests and onto the mountains with a pack of eager Siberian huskies,LNA,Low,Choice,4,2,1
Exploring the Amazon Rainforest,See this spectacular and untamed jungle which you can freely explore under the guidance of professional multilingual escorts,LNA,Low,Choice,4,2,2
Windsurfing off the Coast of Senegal,Take to the warm waters of this windsurfing paradise that offers amazing swells set against the tropical backdrop of West Africa,LNA,Low,Choice,4,2,3
Backpacking in Patagonia,Travel through this wild frontier on a rugged outdoor adventure and experience the blissful serenity of untouched lands,LNA,Low,Choice,4,3,1
Climbing in the Himalayas,Reach the summit of a famous peak in the region and experience the awe inspiring beauty of the campsites and grand views,LNA,Low,Choice,4,3,2
Driving from Istanbul to Cairo,Begin in Turkey's sprawling capital then see sights including desert scenery and cave dwellings on the drive to a bustling Cairo,LNA,Low,Choice,4,3,3
Youth Hostelling on Dartmoor,Stay in a variety of enchanting hostels from beautifully converted stables to renovated railway stations in this region,LND,Low,NoChoice,5,1,1
Pony Trekking in Wales,Enjoy the best riding terrain in one of the country's national parks as you explore the Welsh hills and valleys in comfort,LND,Low,NoChoice,5,1,2
Fishing Trip to Ireland,Enjoy the serenity of an Irish lake renowned for its excellent fishing and relax while bringing in catches from the cool waters,LND,Low,NoChoice,5,1,3
Backpacking through Chile,Travel through the untamed mountain forests and floral valleys of this enchanting country with the complete freedom to roam,LND,Low,NoChoice,5,2,1
Walking the Inca Trail in Peru,Witness an extraordinary combination of incredible views and exotic fauna while you gently stroll along this ancient route,LND,Low,NoChoice,5,2,2
Visiting Shamans in Brazil,Observe the ancient techniques and plant knowledge used in healing practices that have been passed down through generations,LND,Low,NoChoice,5,2,3
White Water Rafting in British Columbia,Enjoy a thrilling experience on white foaming waters while taking in the amazing mountain scenery of this unique region,LND,Low,NoChoice,5,3,1
Camping in the Canadian Wilderness,Experience the rugged natural beauty of swift flowing rivers and lush forests while you set up your campsite in vast open spaces,LND,Low,NoChoice,5,3,2
Paragliding in the Rocky Mountains,Ascend in thermals created by the famous steep mountain sides and cover great distances from the stunning launch site,LND,Low,NoChoice,5,3,3
Visiting the Islands of Fiji,Experience the best of Fiji through a wide variety of ocean and land based activities including village trips and forest excursions,HD,High,Choice,6,1,1
Sight Seeing in Rome,Visit the heart of the Roman empire and experience the fine cuisine and culture that this ancient city has produced,HD,High,Choice,6,1,2
Shopping in Hong Kong,Visit the sublime shopping districts and experience modern China as you travel between the best markets across the city,HD,High,Choice,6,1,3
Listening to Live Jazz in New Orleans,Spend time in a town famous for its singers and visit jazz cafes and music clubs while soaking up the surrounding culture,HD,High,Choice,6,2,1
Sight Seeing across New Zealand,See the contrasts of landscapes from glaciers to boiling mud pools and forests to dazzling harbours on this unforgettable trip,HD,High,Choice,6,2,2
Exploring Ancient Inca Cities in Peru,View spectacular achievements of the Inca culture and sample the lifestyle of Andean people among stunning mountain scenery,HD,High,Choice,6,2,3
Road Trip through California,Visit sensational beaches while sampling climates from temperate rainforest to near desert as you travel along the coastal route,HD,High,Choice,6,3,1
Cruising the South Sea Islands,Travel in style while exploring the cultures and delights of these unspoiled islands set in the sparkling waters of the Pacific,HD,High,Choice,6,3,2
Jungle Safari in the Caribbean,Enjoy treetop views of the most vibrant birds and see giant turtles and jungle villages with peaceful lagoons in this idyllic haven,HD,High,Choice,6,3,3
Teaching English in Vietnam,Help people learn conversational English in this remarkable part of the world with friendly students who are eager to learn,LNA,Low,Choice,7,1,1
Whale Spotting in Antarctica,A unique opportunity to reach the end of the world and explore the chill blue waters while observing these graceful creatures,LNA,Low,Choice,7,1,2
Horse Riding in Saudi Arabia,Ride through fertile plains and multi coloured sand dunes on these enchanting creatures naturally built for desert endurance,LNA,Low,Choice,7,1,3
Walking through the Rainforest of Costa Rica,See how exotic creatures and plants have adapted to the climate as you trek through the jungle in this eco-friendy country,LNA,Low,Choice,7,2,1
Cage Diving with Sharks near Cape Town,Come face to face with some awesome predators of the sea as you safely dive in a number of prime coastal locations,LNA,Low,Choice,7,2,2
Learning to Salsa Dance in South America,Travel throughout this continent learning many different styles of salsa from Cuban to Puerto Rican and everything in between,LNA,Low,Choice,7,2,3
Canoeing in the South of France,See the most beautiful countryside and idyllic villages in France whilst gently paddling down the river of the Orb valley,LNA,Low,Choice,7,3,1
Bird Watching on North Island,Find the many rare and elusive species living amid the breathtaking scenery of the best locations New Zealand has to offer,LNA,Low,Choice,7,3,2
Mountain Biking in Colorado,Feel the adrenaline surge as you dodge rocks while speeding down trails in a state renowned for its magnificent natural beauty,LNA,Low,Choice,7,3,3
Clubbing in New York,Pick and choose your favourite clubs in a city with many excellent venues and become part of the famous New York nightlife,HND,High,NoChoice,8,1,1
Driving Route 66 in a Classic Car,Travel along this world famous route and enjoy the freedom of the open road as you speed along in superb classic car,HND,High,NoChoice,8,1,2
Shopping in San Francisco,See famous stores offering unique styles with a distinctive feel suited to any mood from urban sophisticate to funk fantastic,HND,High,NoChoice,8,1,3
Luxury Wildlife Tour of Rural Scotland,Travel in style as your guides help you discover the beautiful glens and the stunning variety of wildlife from Seals to Puffins,HND,High,NoChoice,8,2,1
Wine and Food Tour of the Loire in France,Discover a veritable treasure trove of well-known wines and delicious foods while travelling through the idyllic garden of France,HND,High,NoChoice,8,2,2
Relaxing on the Beach of the Costa del Sol,Recline while you soak up the sun on these privileged beaches with the palm trees and semi-tropical vegetation to shelter you,HND,High,NoChoice,8,2,3
Drinking and Dancing in Dublin,Experience the atmosphere and sample drinks in the taverns and bars of this energetic city with its international reputation,HND,High,NoChoice,8,3,1
Sight Seeing in Prague,Get to know the sights without any rush as you visit the many attractions including those off the traditional tourist routes,HND,High,NoChoice,8,3,2
Romantic Trip to Venice,Visit Europe's most romantic and beautiful city with a loved one and enjoy the sumptuous treatment while cruising the fabled canals,HND,High,NoChoice,8,3,3
Scuba Diving in Eastern Australia,Go to the best dive sites in the warm waters along the spectacular barrier reef and see countless varieties of marine life,HD,High,Choice,9,1,1
Exploring Buddhist Temples in Kyoto,Visit a city of countless shrines and other historically priceless buildings that hold a quarter of Japan's national treasures,HD,High,Choice,9,1,2
Taking Flying Lessons in the USA,Get the best quality training from highly qualified and motivated flight instructors as you work toward your certification,HD,High,Choice,9,1,3
Train Trip along the Garden Route in South Africa,Journey through lush and beautiful valleys contrasted against the arid tranquillity of open plains on this remarkable rail trip,HD,High,Choice,9,2,1
Going on a Concert Tour around Southern Australia,Absorb culture and spirit on this unique trip through visits to many locations and experiencing a wide variety of musical styles,HD,High,Choice,9,2,2
Trans-European Journey on the Orient Express,Travel in complete luxury aboard the most famous train in the world and enjoy the views of ever-changing European landscapes,HD,High,Choice,9,2,3
Visiting Paris in the Springtime,Experience the captivating nature of this city in the full bloom of spring and let the cool refreshing breeze wash over you,HD,High,Choice,9,3,1
Camping in Northern Australia,Camp among ancient rock formations and learn of aboriginal culture while experiencing the awe inspiring beauty of the wild,HD,High,Choice,9,3,2
Visiting Hotsprings in Iceland,Relax in the bubbling hotsprings heated by the volcanic activity and enjoy the Viking atmosphere in this country of fire and ice,HD,High,Choice,9,3,3
Trekking through the Sahara Desert,Hike between these magnificent undulating dunes that extend as far as the eye can see and camp under a blanket of stars,LND,Low,NoChoice,10,1,1
Observing Gorillas in Uganda,Come face to face with a troop of these magnificent and intelligent creatures inhabiting the mountain rainforests of central Africa,LND,Low,NoChoice,10,1,2
Volunteer Work in South Africa,Work with international and African volunteers on vital development programs that will make a real and lasting difference,LND,Low,NoChoice,10,1,3
Mountain Biking in the Highlands of Scotland,Explore the quiet backwaters of sleepy towns and ascend the steep hillsides on this invigorating and refreshing outdoor adventure,LND,Low,NoChoice,10,2,1
Potholing in the Limestone Caves of Derbyshire,Visit spectacular underground caverns and tunnels while you explore this amazing subterranean world that few people ever see,LND,Low,NoChoice,10,2,2
Walking Holiday in Snowdonia National Park,Travel at your own pace off the beaten track through the beautiful mountains of Snowdon on this relaxing and peaceful trip,LND,Low,NoChoice,10,2,3
Backpacking in Thailand,Visit this vibrant country of temples and markets with freedom to explore and experience this country as a traveller not a tourist,LND,Low,NoChoice,10,3,1
Paragliding in the Philippines,Experience flying over Tagatay Ridge with breathtaking views of the volcanoes and the rich plains and lakes that surround it,LND,Low,NoChoice,10,3,2
Hiking up a Mountain in Borneo,Experience climbing in a unique and exotic alpine setting where long slabs of polished granite plunge gracefully into high jungles,LND,Low,NoChoice,10,3,3
Visiting the Islands of Fiji,Experience the best of Fiji through a wide variety of ocean and land based activities including village trips and forest excursions,HNA,High,Choice,11,1,1
Sight Seeing in Rome,Visit the heart of the Roman empire and experience the fine cuisine and culture that this ancient city has produced,HNA,High,Choice,11,1,2
Shopping in Hong Kong,Visit the sublime shopping districts and experience modern China as you travel between the best markets across the city,HNA,High,Choice,11,1,3
Listening to Live Jazz in New Orleans,Spend time in a town famous for its singers and visit jazz cafes and music clubs while soaking up the surrounding culture,HNA,High,Choice,11,2,1
Sight Seeing across New Zealand,See the contrasts of landscapes from glaciers to boiling mud pools and forests to dazzling harbours on this unforgettable trip,HNA,High,Choice,11,2,2
Exploring Ancient Inca Cities in Peru,View spectacular achievements of the Inca culture and sample the lifestyle of Andean people among stunning mountain scenery,HNA,High,Choice,11,2,3
Road Trip through California,Visit sensational beaches while sampling climates from temperate rainforest to near desert as you travel along the coastal route,HNA,High,Choice,11,3,1
Cruising the South Sea Islands,Travel in style while exploring the cultures and delights of these unspoiled islands set in the sparkling waters of the Pacific,HNA,High,Choice,11,3,2
Jungle Safari in the Caribbean,Enjoy treetop views of the most vibrant birds and see giant turtles and jungle villages with peaceful lagoons in this idyllic haven,HNA,High,Choice,11,3,3
Rock Climbing in Tanzania,Make your way up superb rockfaces with qualified instructors and amazing views from the tops of many challenging climbs,LD,Low,Choice,12,1,1
Coach Tour to Belgium,Travel from England to Belgium aboard a well equipped coach while stopping for day trips at local sights and attractions,LD,Low,Choice,12,1,2
Line Dancing in Nashville,Dance and learn from the greatest line dancing instructors around the world in the very heart and soul of Music City USA,LD,Low,Choice,12,1,3
Dog Sled Racing in Northern Sweden,Race your opponents through wide open landscapes into forests and onto the mountains with a pack of eager Siberian huskies,LD,Low,Choice,12,2,1
Exploring the Amazon Rainforest,See this spectacular and untamed jungle which you can freely explore under the guidance of professional multilingual escorts,LD,Low,Choice,12,2,2
Windsurfing off the Coast of Senegal,Take to the warm waters of this windsurfing paradise that offers amazing swells set against the tropical backdrop of West Africa,LD,Low,Choice,12,2,3
Backpacking in Patagonia,Travel through this wild frontier on a rugged outdoor adventure and experience the blissful serenity of untouched lands,LD,Low,Choice,12,3,1
Climbing in the Himalayas,Reach the summit of a famous peak in the region and experience the awe inspiring beauty of the campsites and grand views,LD,Low,Choice,12,3,2
Driving from Istanbul to Cairo,Begin in Turkey's sprawling capital then see sights including desert scenery and cave dwellings on the drive to a bustling Cairo,LD,Low,Choice,12,3,3
